{"d_star_sq_min": [0.10265874877992613, 0.16292001711265752, 0.21346788617866078, 0.2585871882734376, 0.30005637392190604, 0.33883100094660895, 0.37549933995262935, 0.41045600183186226, 0.44398192061382086, 0.47628606365228576, 0.5075291949777723, 0.5378383470441673, 0.5673161061063514, 0.5960468257923491, 0.6241009316937653, 0.6515379914287812, 0.678408959104184, 0.7047578515867439, 0.7306230239153092, 0.7560381557076151], "d_star_sq_max": [0.0008452926134902404, 0.10265874877992613, 0.16292001711265752, 0.21346788617866078, 0.2585871882734376, 0.30005637392190604, 0.33883100094660895, 0.37549933995262935, 0.41045600183186226, 0.44398192061382086, 0.47628606365228576, 0.5075291949777723, 0.5378383470441673, 0.5673161061063514, 0.5960468257923491, 0.6241009316937653, 0.6515379914287812, 0.678408959104184, 0.7047578515867439, 0.7306230239153092], "n_obs": [39432, 38141, 37192, 39123, 39922, 36715, 38664, 33423, 29617, 27098, 24039, 19897, 13757, 10051, 6997, 4829, 3092, 1782, 844, 289], "n_uniq": [5707, 5576, 5573, 5551, 5575, 5503, 5522, 5500, 5482, 5470, 5268, 5022, 4244, 3553, 3013, 2391, 1846, 1297, 799, 286], "multiplicity": [6.909409497108814, 6.840208034433286, 6.673604880674682, 7.047919293820933, 7.160896860986547, 6.671815373432674, 7.001810938065918, 6.076909090909091, 5.402590295512587, 4.953930530164534, 4.563211845102506, 3.961967343687774, 3.241517436380773, 2.8288770053475933, 2.3222701626286093, 2.0196570472605604, 1.674972914409534, 1.3739398612181957, 1.0563204005006257, 1.0104895104895104], "completeness": [100.0, 100.0, 100.0, 99.92799279927993, 99.80307912638739, 99.63787796487416, 99.47757160871915, 99.29590178732623, 99.09616775126537, 98.4521238300936, 95.79923622476814, 90.66618523199134, 76.87013222242346, 64.36594202898551, 54.54380883417813, 42.99586405322784, 33.6615609044493, 23.436935308998915, 14.545785545239395, 5.176470588235294], "i_mean": [2269.937100833064, 847.6447809492801, 495.8215855815097, 365.0307547835967, 199.44870771517486, 126.32207243375103, 87.61174417553413, 62.76089260629926, 47.48279837677183, 36.688661157130795, 29.904156841241804, 25.22878606777936, 20.756958189196748, 17.922471889490183, 15.522846250401589, 13.669071201852901, 12.546858455299281, 11.644660563822315, 11.08240014518733, 8.508765274420721], "i_over_sigma_mean": [78.79765415464435, 61.4458136491933, 49.405012249736224, 42.038188266335496, 31.35917631116459, 22.636279676542333, 17.906741854088505, 12.71187174525646, 9.471266934190618, 7.191798923627795, 5.600025221944044, 4.383486176254148, 3.221041378309997, 2.5659224060094235, 2.009409185911215, 1.6299054916301687, 1.3306831995724375, 1.0858000382929287, 0.9313171187376387, 0.7113095315979947], "r_merge": [0.03276350088187755, 0.037101692124197824, 0.04513757218713169, 0.05089913917711047, 0.06323717400378161, 0.07723367390815337, 0.09139945759258458, 0.11032469398494515, 0.12338102124753403, 0.14211564485031403, 0.15230275133331644, 0.16647826344585112, 0.18554263692380196, 0.1999436015776662, 0.2123169508242307, 0.2271331313455788, 0.2560840013954402, 0.2699400554415893, 0.2673186699566337, 0.4783936609322869], "r_meas": [0.035549727148445356, 0.0401845612015353, 0.049063014550295464, 0.05506907016449937, 0.06824128917793867, 0.08382850276758425, 0.09881375658325996, 0.1208165427678004, 0.1367212755141809, 0.15898598828926458, 0.1722631481450698, 0.19236021653652596, 0.22398855115031846, 0.24854621606676885, 0.2790892928981784, 0.30686968233826367, 0.34967009930735377, 0.3724892635071359, 0.3735569082508003, 0.6765508034437561], "r_pim": [0.013636544033641609, 0.015289094678781995, 0.019017475501381033, 0.020824627384031257, 0.02544858269307215, 0.032263830303726676, 0.03723151752913909, 0.048539206595360346, 0.05788838858607545, 0.07007084816259128, 0.079181427259193, 0.09395067837075169, 0.12125238162830129, 0.14321149292983532, 0.1778242529994939, 0.20404063459334895, 0.2362464075228248, 0.2553410817048312, 0.2603796168751681, 0.4783936609322869], "r_anom": [0.033399321965295777, 0.03688901299138939, 0.046345350545688405, 0.04967626751378118, 0.059707086858911386, 0.07383280948255556, 0.07984792982323786, 0.1084095966356605, 0.12774358279473375, 0.14560422443277343, 0.16304240866942601, 0.198076612510163, 0.2677997739652172, 0.30981452624551814, 0.3624476205299829, 0.4163116482772514, 0.47666579889043925, 0.5074168794220647, 0.503634477893535, 0.9395129924971185], "cc_one_half": [0.9979076299182517, 0.998933290459222, 0.9977204008819356, 0.997545167318248, 0.9971498498153785, 0.9956087235276512, 0.9944174951686912, 0.9871602437281756, 0.9848085130050267, 0.9778318074259996, 0.9718586528418306, 0.9707548689480344, 0.9497327198620702, 0.9420321059180455, 0.9235838591196905, 0.9005237070576929, 0.8844424590938125, 0.88087818300363, 0.9148280945708608, 0.9975260182601539], "cc_one_half_significance": [null, null, null, null, null, null, null, null, null, null, null, null, null, null, null, null, null, null, null, null], "cc_one_half_critical_value": [null, null, null, null, null, null, null, null, null, null, null, null, null, null, null, null, null, null, null, null], "cc_anom": [0.32644949830968456, 0.1762303631574127, 0.3175127058453737, 0.3363183545408978, 0.2105609422387812, 0.20555642653031792, 0.05485913098236396, 0.3443630768319037, 0.14148297412014044, 0.03601803012037294, 0.011880578131156226, -0.00403284731393935, 0.01240407821540205, 0.02673476051089402, 0.007486599281780054, -0.09396346380774644, -0.031949934055262225, 0.22524482048939326, 0.0, 0.0], "anom_completeness": [null, null, null, null, null, null, null, null, null, null, null, null, null, null, null, null, null, null, null, null], "anom_signal": [null, null, null, null, null, null, null, null, null, null, null, null, null, null, null, null, null, null, null, null], "anom_probability_plot_all_data": [null, null, null, null, null, null, null, null, null, null, null, null, null, null, null, null, null, null, null, null], "anom_probability_plot_expected_delta": [null, null, null, null, null, null, null, null, null, null, null, null, null, null, null, null, null, null, null, null], "delta_i_mean_over_sig_delta_i_mean": [null, null, null, null, null, null, null, null, null, null, null, null, null, null, null, null, null, null, null, null], "overall": {"d_star_sq_min": 0.7560374005162624, "d_star_sq_max": 0.0008460478048429516, "n_obs": 444904, "n_uniq": 83178, "multiplicity": 5.348818197119431, "completeness": 74.99120964324675, "i_mean": 314.17623034198556, "i_over_sigma_mean": 23.437992571018263, "r_merge": 0.04378919291378561, "r_meas": 0.047733941705205354, "r_pim": 0.01867543393696168, "r_anom": 0.04688651211463955, "cc_one_half": 0.9986305525669352, "cc_one_half_significance": null, "cc_one_half_critical_value": null, "cc_anom": 0.4200494412654232, "anom_completeness": null, "anom_signal": null, "anom_probability_plot_all_data": null, "anom_probability_plot_expected_delta": null, "delta_i_mean_over_sig_delta_i_mean": null}}
